sentiment_title,sentiment_description
0.06442063492063492,0.0355982905982906
0.10973214285714286,0.08893506493506494
0.06132756132756133,0.08255102040816327
0.008688930117501544,0.11272244124922697
0.03333333333333333,0.14583333333333334
,
0.044419955044955044,0.05230982905982906
